[
	{
		"inputs": [
			{
				"internalType": "address",
				"name": "_BUSDAddr",
				"type": "address"
			}
		],
		"stateMutability": "nonpayable",
		"type": "constructor"
	},
	{
		"inputs": [
			{
				"internalType": "address",
				"name": "_addr",
				"type": "address"
			}
		],
		"name": "BUSDBalance",
		"outputs": [
			{
				"internalType": "uint256",
				"name": "",
				"type": "uint256"
			}
		],
		"stateMutability": "view",
		"type": "function"
	},
	{
		"inputs": [
			{
				"internalType": "uint256",
				"name": "",
				"type": "uint256"
			}
		],
		"name": "buyMANEKI",
		"outputs": [
			{
				"internalType": "address",
				"name": "addr",
				"type": "address"
			},
			{
				"internalType": "string",
				"name": "uname",
				"type": "string"
			},
			{
				"internalType": "string",
				"name": "pname",
				"type": "string"
			},
			{
				"internalType": "uint256",
				"name": "pvalue",
				"type": "uint256"
			},
			{
				"internalType": "uint256",
				"name": "pnumbers",
				"type": "uint256"
			},
			{
				"internalType": "uint256",
				"name": "bptotal",
				"type": "uint256"
			},
			{
				"internalType": "uint256",
				"name": "time",
				"type": "uint256"
			}
		],
		"stateMutability": "view",
		"type": "function"
	},
	{
		"inputs": [
			{
				"internalType": "string",
				"name": "_uname",
				"type": "string"
			},
			{
				"internalType": "string",
				"name": "_pname",
				"type": "string"
			},
			{
				"internalType": "uint256",
				"name": "_pvalue",
				"type": "uint256"
			},
			{
				"internalType": "uint256",
				"name": "_pnumbers",
				"type": "uint256"
			},
			{
				"internalType": "uint256",
				"name": "_bptotal",
				"type": "uint256"
			},
			{
				"internalType": "uint256",
				"name": "_time",
				"type": "uint256"
			}
		],
		"name": "buyManeki",
		"outputs": [],
		"stateMutability": "nonpayable",
		"type": "function"
	},
	{
		"inputs": [],
		"name": "buyManekiCt",
		"outputs": [
			{
				"internalType": "uint256",
				"name": "",
				"type": "uint256"
			}
		],
		"stateMutability": "view",
		"type": "function"
	},
	{
		"inputs": [],
		"name": "depoDest",
		"outputs": [
			{
				"internalType": "address",
				"name": "",
				"type": "address"
			}
		],
		"stateMutability": "view",
		"type": "function"
	},
	{
		"inputs": [
			{
				"internalType": "address",
				"name": "",
				"type": "address"
			}
		],
		"name": "isReg",
		"outputs": [
			{
				"internalType": "bool",
				"name": "",
				"type": "bool"
			}
		],
		"stateMutability": "view",
		"type": "function"
	},
	{
		"inputs": [
			{
				"internalType": "address",
				"name": "",
				"type": "address"
			},
			{
				"internalType": "uint256",
				"name": "",
				"type": "uint256"
			}
		],
		"name": "myBUYMANEKI",
		"outputs": [
			{
				"internalType": "uint256",
				"name": "i",
				"type": "uint256"
			}
		],
		"stateMutability": "view",
		"type": "function"
	},
	{
		"inputs": [
			{
				"internalType": "address",
				"name": "",
				"type": "address"
			}
		],
		"name": "mybuyMAnekiCt",
		"outputs": [
			{
				"internalType": "uint256",
				"name": "",
				"type": "uint256"
			}
		],
		"stateMutability": "view",
		"type": "function"
	},
	{
		"inputs": [],
		"name": "owner",
		"outputs": [
			{
				"internalType": "address",
				"name": "",
				"type": "address"
			}
		],
		"stateMutability": "view",
		"type": "function"
	},
	{
		"inputs": [
			{
				"internalType": "string",
				"name": "_username",
				"type": "string"
			}
		],
		"name": "registerWallet",
		"outputs": [],
		"stateMutability": "nonpayable",
		"type": "function"
	},
	{
		"inputs": [],
		"name": "rstDepoDest",
		"outputs": [],
		"stateMutability": "nonpayable",
		"type": "function"
	},
	{
		"inputs": [
			{
				"internalType": "address",
				"name": "_addr",
				"type": "address"
			}
		],
		"name": "sdepoDest",
		"outputs": [],
		"stateMutability": "nonpayable",
		"type": "function"
	},
	{
		"inputs": [
			{
				"internalType": "address",
				"name": "",
				"type": "address"
			}
		],
		"name": "uname",
		"outputs": [
			{
				"internalType": "string",
				"name": "",
				"type": "string"
			}
		],
		"stateMutability": "view",
		"type": "function"
	},
	{
		"inputs": [],
		"name": "userCt",
		"outputs": [
			{
				"internalType": "uint256",
				"name": "",
				"type": "uint256"
			}
		],
		"stateMutability": "view",
		"type": "function"
	},
	{
		"stateMutability": "payable",
		"type": "receive"
	}
]